temperature_c,grid_stress_percent,failure,severity,baseline_system_service_percent,baseline_critical_service_percent,hospital_service_percent,emergency_center_service_percent,industrial_plant_service_percent,selected_intervention,earthn_service_percent,improvement_percentage_points
0,75.0,NO,0.0,100.0,100.0,100.0,100.0,100.0,,100.0,0.0
1,79.0,NO,0.0,100.0,100.0,100.0,100.0,100.0,,100.0,0.0
2,83.0,NO,0.0,100.0,100.0,100.0,100.0,100.0,,100.0,0.0
3,87.0,NO,0.0,100.0,100.0,100.0,100.0,100.0,,100.0,0.0
4,91.0,NO,0.0,100.0,100.0,100.0,100.0,100.0,,100.0,0.0
5,95.0,NO,0.0,100.0,100.0,100.0,100.0,100.0,,100.0,0.0
6,99.0,NO,0.0,100.0,100.0,100.0,100.0,100.0,,100.0,0.0
7,103.0,YES,0.15000000000000013,91.42857142857143,85.0,94.64285714285712,94.64285714285712,93.57142857142856,Hospital,94.64285714285712,3.214285714285703
8,107.0,YES,0.3500000000000003,81.42857142857142,71.66666666666664,87.85714285714285,88.92857142857142,86.07142857142857,Emergency_Center,88.92857142857142,7.500000000000007
9,110.99999999999999,YES,0.5499999999999994,72.85714285714289,65.00000000000003,82.14285714285715,84.64285714285715,78.92857142857146,Emergency_Center,84.64285714285715,11.785714285714267
10,114.99999999999999,YES,0.7499999999999996,64.2857142857143,58.33333333333335,76.42857142857143,80.35714285714288,71.7857142857143,Emergency_Center,80.35714285714288,16.07142857142857
11,119.0,YES,0.9499999999999997,56.071428571428584,53.333333333333336,71.07142857142857,76.07142857142858,65.00000000000001,Emergency_Center,76.07142857142858,19.999999999999996
12,123.0,YES,1.15,54.285714285714285,53.333333333333336,70.0,75.0,63.571428571428555,Emergency_Center,75.0,20.71428571428572
13,127.0,YES,1.35,54.285714285714285,53.333333333333336,70.0,75.0,63.571428571428555,Emergency_Center,75.0,20.71428571428572
14,131.0,YES,1.5500000000000003,54.285714285714285,53.333333333333336,70.0,75.0,63.571428571428555,Emergency_Center,75.0,20.71428571428572
15,135.0,YES,1.7500000000000004,54.285714285714285,53.333333333333336,70.0,75.0,63.571428571428555,Emergency_Center,75.0,20.71428571428572
16,139.0,YES,1.9500000000000006,54.285714285714285,53.333333333333336,70.0,75.0,63.571428571428555,Emergency_Center,75.0,20.71428571428572
17,143.00000000000003,YES,2.150000000000001,54.285714285714285,53.333333333333336,70.0,75.0,63.571428571428555,Emergency_Center,75.0,20.71428571428572
18,147.0,YES,2.3499999999999996,54.285714285714285,53.333333333333336,70.0,75.0,63.571428571428555,Emergency_Center,75.0,20.71428571428572
19,151.0,YES,2.55,54.285714285714285,53.333333333333336,70.0,75.0,63.571428571428555,Emergency_Center,75.0,20.71428571428572
20,155.0,YES,2.75,54.285714285714285,53.333333333333336,70.0,75.0,63.571428571428555,Emergency_Center,75.0,20.71428571428572
