temperature_c,grid_stress_percent,failure,severity,baseline_service_percent,baseline_critical_service_percent,hospital_service_percent,emergency_center_service_percent,industrial_plant_service_percent,selected_intervention,earthn_service_percent,improvement_percentage_points,dependency_scenario,dependency_scale
0,75.0,NO,0.0,100.0,100.0,100.0,100.0,100.0,,100.0,0.0,Lower,0.8
1,79.0,NO,0.0,100.0,100.0,100.0,100.0,100.0,,100.0,0.0,Lower,0.8
2,83.0,NO,0.0,100.0,100.0,100.0,100.0,100.0,,100.0,0.0,Lower,0.8
3,87.0,NO,0.0,100.0,100.0,100.0,100.0,100.0,,100.0,0.0,Lower,0.8
4,91.0,NO,0.0,100.0,100.0,100.0,100.0,100.0,,100.0,0.0,Lower,0.8
5,95.0,NO,0.0,100.0,100.0,100.0,100.0,100.0,,100.0,0.0,Lower,0.8
6,99.0,NO,0.0,100.0,100.0,100.0,100.0,100.0,,100.0,0.0,Lower,0.8
7,103.0,YES,0.15000000000000013,75.21428571428572,54.39999999999999,85.44285714285714,84.01428571428572,82.18571428571428,Hospital,85.44285714285714,10.22857142857142,Lower,0.8
8,107.0,YES,0.3500000000000003,67.84285714285714,45.86666666666666,80.35714285714286,79.61428571428571,76.64285714285714,Hospital,80.35714285714286,12.514285714285723,Lower,0.8
9,110.99999999999999,YES,0.5499999999999994,61.38571428571431,41.600000000000016,75.95714285714287,76.12857142857143,71.32857142857144,Emergency_Center,76.12857142857143,14.742857142857124,Lower,0.8
10,114.99999999999999,YES,0.7499999999999996,54.92857142857144,37.33333333333334,71.55714285714286,72.64285714285715,66.01428571428572,Emergency_Center,72.64285714285715,17.714285714285715,Lower,0.8
11,119.0,YES,0.9499999999999997,48.814285714285724,34.66666666666667,67.5,69.15714285714286,61.04285714285715,Emergency_Center,69.15714285714286,20.342857142857135,Lower,0.8
12,123.0,YES,1.15,47.42857142857143,34.66666666666667,66.62857142857143,68.28571428571429,59.94285714285714,Emergency_Center,68.28571428571429,20.85714285714286,Lower,0.8
13,127.0,YES,1.35,47.42857142857143,34.66666666666667,66.62857142857143,68.28571428571429,59.94285714285714,Emergency_Center,68.28571428571429,20.85714285714286,Lower,0.8
14,131.0,YES,1.5500000000000003,47.42857142857143,34.66666666666667,66.62857142857143,68.28571428571429,59.94285714285714,Emergency_Center,68.28571428571429,20.85714285714286,Lower,0.8
15,135.0,YES,1.7500000000000004,47.42857142857143,34.66666666666667,66.62857142857143,68.28571428571429,59.94285714285714,Emergency_Center,68.28571428571429,20.85714285714286,Lower,0.8
16,139.0,YES,1.9500000000000006,47.42857142857143,34.66666666666667,66.62857142857143,68.28571428571429,59.94285714285714,Emergency_Center,68.28571428571429,20.85714285714286,Lower,0.8
17,143.00000000000003,YES,2.150000000000001,47.42857142857143,34.66666666666667,66.62857142857143,68.28571428571429,59.94285714285714,Emergency_Center,68.28571428571429,20.85714285714286,Lower,0.8
18,147.0,YES,2.3499999999999996,47.42857142857143,34.66666666666667,66.62857142857143,68.28571428571429,59.94285714285714,Emergency_Center,68.28571428571429,20.85714285714286,Lower,0.8
19,151.0,YES,2.55,47.42857142857143,34.66666666666667,66.62857142857143,68.28571428571429,59.94285714285714,Emergency_Center,68.28571428571429,20.85714285714286,Lower,0.8
20,155.0,YES,2.75,47.42857142857143,34.66666666666667,66.62857142857143,68.28571428571429,59.94285714285714,Emergency_Center,68.28571428571429,20.85714285714286,Lower,0.8
0,75.0,NO,0.0,100.0,100.0,100.0,100.0,100.0,,100.0,0.0,Base,1.0
1,79.0,NO,0.0,100.0,100.0,100.0,100.0,100.0,,100.0,0.0,Base,1.0
2,83.0,NO,0.0,100.0,100.0,100.0,100.0,100.0,,100.0,0.0,Base,1.0
3,87.0,NO,0.0,100.0,100.0,100.0,100.0,100.0,,100.0,0.0,Base,1.0
4,91.0,NO,0.0,100.0,100.0,100.0,100.0,100.0,,100.0,0.0,Base,1.0
5,95.0,NO,0.0,100.0,100.0,100.0,100.0,100.0,,100.0,0.0,Base,1.0
6,99.0,NO,0.0,100.0,100.0,100.0,100.0,100.0,,100.0,0.0,Base,1.0
7,103.0,YES,0.15000000000000013,91.42857142857143,85.0,94.64285714285712,94.64285714285712,93.57142857142856,Hospital,94.64285714285712,3.214285714285703,Base,1.0
8,107.0,YES,0.3500000000000003,81.42857142857142,71.66666666666664,87.85714285714285,88.92857142857142,86.07142857142857,Emergency_Center,88.92857142857142,7.500000000000007,Base,1.0
9,110.99999999999999,YES,0.5499999999999994,72.85714285714289,65.00000000000003,82.14285714285715,84.64285714285715,78.92857142857146,Emergency_Center,84.64285714285715,11.785714285714267,Base,1.0
10,114.99999999999999,YES,0.7499999999999996,64.2857142857143,58.33333333333335,76.42857142857143,80.35714285714288,71.7857142857143,Emergency_Center,80.35714285714288,16.07142857142857,Base,1.0
11,119.0,YES,0.9499999999999997,56.071428571428584,53.333333333333336,71.07142857142857,76.07142857142858,65.00000000000001,Emergency_Center,76.07142857142858,19.999999999999996,Base,1.0
12,123.0,YES,1.15,54.285714285714285,53.333333333333336,70.0,75.0,63.571428571428555,Emergency_Center,75.0,20.71428571428572,Base,1.0
13,127.0,YES,1.35,54.285714285714285,53.333333333333336,70.0,75.0,63.571428571428555,Emergency_Center,75.0,20.71428571428572,Base,1.0
14,131.0,YES,1.5500000000000003,54.285714285714285,53.333333333333336,70.0,75.0,63.571428571428555,Emergency_Center,75.0,20.71428571428572,Base,1.0
15,135.0,YES,1.7500000000000004,54.285714285714285,53.333333333333336,70.0,75.0,63.571428571428555,Emergency_Center,75.0,20.71428571428572,Base,1.0
16,139.0,YES,1.9500000000000006,54.285714285714285,53.333333333333336,70.0,75.0,63.571428571428555,Emergency_Center,75.0,20.71428571428572,Base,1.0
17,143.00000000000003,YES,2.150000000000001,54.285714285714285,53.333333333333336,70.0,75.0,63.571428571428555,Emergency_Center,75.0,20.71428571428572,Base,1.0
18,147.0,YES,2.3499999999999996,54.285714285714285,53.333333333333336,70.0,75.0,63.571428571428555,Emergency_Center,75.0,20.71428571428572,Base,1.0
19,151.0,YES,2.55,54.285714285714285,53.333333333333336,70.0,75.0,63.571428571428555,Emergency_Center,75.0,20.71428571428572,Base,1.0
20,155.0,YES,2.75,54.285714285714285,53.333333333333336,70.0,75.0,63.571428571428555,Emergency_Center,75.0,20.71428571428572,Base,1.0
0,75.0,NO,0.0,100.0,100.0,100.0,100.0,100.0,,100.0,0.0,Higher,1.2
1,79.0,NO,0.0,100.0,100.0,100.0,100.0,100.0,,100.0,0.0,Higher,1.2
2,83.0,NO,0.0,100.0,100.0,100.0,100.0,100.0,,100.0,0.0,Higher,1.2
3,87.0,NO,0.0,100.0,100.0,100.0,100.0,100.0,,100.0,0.0,Higher,1.2
4,91.0,NO,0.0,100.0,100.0,100.0,100.0,100.0,,100.0,0.0,Higher,1.2
5,95.0,NO,0.0,100.0,100.0,100.0,100.0,100.0,,100.0,0.0,Higher,1.2
6,99.0,NO,0.0,100.0,100.0,100.0,100.0,100.0,,100.0,0.0,Higher,1.2
7,103.0,YES,0.15000000000000013,92.21428571428572,88.66666666666666,94.64285714285712,95.4285714285714,94.35714285714285,Emergency_Center,95.4285714285714,3.2142857142856918,Higher,1.2
8,107.0,YES,0.3500000000000003,83.57142857142856,81.66666666666666,88.85714285714286,91.07142857142857,87.21428571428571,Emergency_Center,91.07142857142857,7.500000000000018,Higher,1.2
9,110.99999999999999,YES,0.5499999999999994,75.00000000000003,75.00000000000001,83.14285714285717,86.7857142857143,80.0714285714286,Emergency_Center,86.7857142857143,11.785714285714267,Higher,1.2
10,114.99999999999999,YES,0.7499999999999996,66.42857142857143,68.33333333333334,77.42857142857143,82.5,72.92857142857143,Emergency_Center,82.5,16.07142857142857,Higher,1.2
11,119.0,YES,0.9499999999999997,58.357142857142875,64.0,72.21428571428571,78.21428571428571,66.28571428571428,Emergency_Center,78.21428571428571,19.85714285714284,Higher,1.2
12,123.0,YES,1.15,56.57142857142857,64.0,71.14285714285714,77.14285714285715,64.85714285714286,Emergency_Center,77.14285714285715,20.571428571428573,Higher,1.2
13,127.0,YES,1.35,56.57142857142857,64.0,71.14285714285714,77.14285714285715,64.85714285714286,Emergency_Center,77.14285714285715,20.571428571428573,Higher,1.2
14,131.0,YES,1.5500000000000003,56.57142857142857,64.0,71.14285714285714,77.14285714285715,64.85714285714286,Emergency_Center,77.14285714285715,20.571428571428573,Higher,1.2
15,135.0,YES,1.7500000000000004,56.57142857142857,64.0,71.14285714285714,77.14285714285715,64.85714285714286,Emergency_Center,77.14285714285715,20.571428571428573,Higher,1.2
16,139.0,YES,1.9500000000000006,56.57142857142857,64.0,71.14285714285714,77.14285714285715,64.85714285714286,Emergency_Center,77.14285714285715,20.571428571428573,Higher,1.2
17,143.00000000000003,YES,2.150000000000001,56.57142857142857,64.0,71.14285714285714,77.14285714285715,64.85714285714286,Emergency_Center,77.14285714285715,20.571428571428573,Higher,1.2
18,147.0,YES,2.3499999999999996,56.57142857142857,64.0,71.14285714285714,77.14285714285715,64.85714285714286,Emergency_Center,77.14285714285715,20.571428571428573,Higher,1.2
19,151.0,YES,2.55,56.57142857142857,64.0,71.14285714285714,77.14285714285715,64.85714285714286,Emergency_Center,77.14285714285715,20.571428571428573,Higher,1.2
20,155.0,YES,2.75,56.57142857142857,64.0,71.14285714285714,77.14285714285715,64.85714285714286,Emergency_Center,77.14285714285715,20.571428571428573,Higher,1.2
