run,temperature_c,baseline_service_percent,earthn_service_percent,improvement_percentage_points,selected_intervention,affected_nodes
1,7,83.2224110728523,90.81107818834032,7.588667115488024,Hospital,8
1,8,80.97370626468086,88.77717353804312,7.803467273362264,Emergency_Center,7
1,9,70.03025800120768,82.62702664910316,12.596768647895473,Emergency_Center,8
1,10,59.27695497739741,75.7610168507708,16.484061873373392,Emergency_Center,9
1,11,54.08306745829433,74.17811050707795,20.095043048783612,Emergency_Center,7
1,12,52.171855315934515,72.8859735693487,20.714118253414192,Emergency_Center,8
2,7,87.05366207484919,92.09003486419242,5.036372789343235,Emergency_Center,9
2,8,78.16935296707625,87.17715189688438,9.007798929808143,Emergency_Center,8
2,9,69.11354706836876,82.16821342534128,13.054666356972511,Emergency_Center,8
2,10,62.77645120124078,79.20140890851508,16.424957707274302,Emergency_Center,7
2,11,55.940208754875165,76.13369127023326,20.193482515358085,Emergency_Center,7
2,12,53.491682980222286,74.20515429938816,20.713471319165865,Emergency_Center,8
3,7,86.38845980111365,92.17727222922015,5.788812428106505,Emergency_Center,7
3,8,78.4003553096957,87.50834387439093,9.107988564695235,Emergency_Center,9
3,9,69.87915004717574,82.09457519260329,12.215425145427549,Hospital,8
3,10,60.61822500611767,77.62669456003675,17.00846955391909,Emergency_Center,8
3,11,56.04055130791018,75.98510617432814,19.944554866417953,Emergency_Center,7
3,12,52.4906111898842,73.12051247584053,20.629901285956333,Emergency_Center,8
4,7,87.41821412912152,92.68247965081103,5.264265521689504,Emergency_Center,8
4,8,81.09150703652388,89.04702238226652,7.955515345742636,Emergency_Center,7
4,9,70.56458269127445,83.78182590724688,13.21724321597243,Emergency_Center,7
4,10,63.41484817996851,80.14550478447923,16.73065660451072,Emergency_Center,8
4,11,54.74748838726583,74.94924467148533,20.201756284219496,Emergency_Center,7
4,12,55.1173348757226,75.9038378078627,20.786502932140106,Emergency_Center,7
5,7,88.16032580328674,92.68984206154933,4.529516258262589,Hospital,8
5,8,80.55050128492397,89.19027236168795,8.63977107676398,Emergency_Center,8
5,9,68.69444351433735,81.34144691953274,12.6470034051954,Hospital,8
5,10,65.3155733824039,81.73029960593962,16.414726223535713,Emergency_Center,7
5,11,51.47532774752829,71.6367623908722,20.161434643343924,Emergency_Center,9
5,12,54.0138564164751,74.68940352901755,20.675547112542446,Emergency_Center,8
6,7,90.1403602196346,94.48618306644721,4.345822846812608,Hospital,8
6,8,77.4680615047837,86.44631275517864,8.97825125039493,Emergency_Center,8
6,9,69.74061821633602,81.91483082243133,12.174212606095313,Emergency_Center,8
6,10,61.66344326172602,78.18551828358,16.522075021853965,Emergency_Center,8
6,11,52.15104981420996,72.32852455899037,20.17747474478041,Emergency_Center,8
6,12,54.63115728334124,75.43863912667653,20.807481843335296,Emergency_Center,7
7,7,91.19943637752223,94.53392738059352,3.3344910030712938,Emergency_Center,7
7,8,76.44062079674727,86.2596967721614,9.819075975414137,Emergency_Center,8
7,9,70.81495322377503,83.48814118206002,12.67318795828498,Emergency_Center,8
7,10,64.41683557523568,80.60983295839354,16.19299738315787,Emergency_Center,8
7,11,54.179282096116786,74.0613021308356,19.882020034718806,Emergency_Center,8
7,12,54.43932332703583,75.17791120602115,20.738587878985328,Emergency_Center,8
8,7,88.49336576713964,92.78540728540193,4.292041518262291,Emergency_Center,7
8,8,83.01330609936703,90.51330609936704,7.500000000000007,Emergency_Center,7
8,9,71.2997686880411,83.60832843280267,12.30855974476156,Emergency_Center,9
8,10,62.16506670979454,78.36998883519371,16.204922125399168,Emergency_Center,8
8,11,55.00907307956694,75.0732734249765,20.064200345409567,Emergency_Center,7
8,12,53.678170950753426,74.3933917260323,20.715220775278887,Emergency_Center,8
9,7,91.40592139174977,94.64285714285712,3.2369357511073615,Hospital,7
9,8,77.93302663220665,87.40167296689346,9.468646334686815,Emergency_Center,8
9,9,73.79158649286505,86.2022625077353,12.410676014870258,Emergency_Center,7
9,10,61.04896027291,78.12299187440573,17.07403160149572,Emergency_Center,9
9,11,55.34572045777113,75.44764900864503,20.101928550873893,Emergency_Center,7
9,12,52.21114557765665,73.02613009767337,20.814984520016722,Emergency_Center,8
10,7,84.02484905470641,90.7601381844157,6.735289129709288,Hospital,9
10,8,77.72155998358416,87.39807830456405,9.676518320979898,Hospital,9
10,9,73.16149040737294,85.2364698365127,12.074979429139765,Emergency_Center,7
10,10,59.67263939246637,76.67722092796035,17.00458153549398,Emergency_Center,9
10,11,54.53887924379991,74.45110170918495,19.912222465385042,Emergency_Center,8
10,12,52.213089456377496,72.88932602419021,20.676236567812712,Emergency_Center,9
11,7,85.46295852502287,92.31527951253348,6.852320987510607,Hospital,8
11,8,75.58557152432984,84.79184586649284,9.20627434216299,Emergency_Center,9
11,9,72.58291702528243,84.95709983184454,12.374182806562107,Emergency_Center,7
11,10,60.172401199816136,76.83221565510487,16.659814455288736,Emergency_Center,9
11,11,56.73065194477599,76.71476525664926,19.984113311873266,Emergency_Center,7
11,12,53.66820576797971,74.36697251902592,20.698766751046215,Emergency_Center,8
12,7,88.74619547960594,93.6148764289641,4.868680949358151,Hospital,8
12,8,79.41785859436004,87.92777408724419,8.509915492884135,Hospital,8
12,9,72.52047426541051,84.98053709424828,12.46006282883777,Emergency_Center,7
12,10,61.77006754055234,78.16313402194781,16.39306648139547,Emergency_Center,8
12,11,55.78673112733331,75.73748302640347,19.950751899070152,Emergency_Center,8
12,12,53.852535033635874,74.4510189739278,20.598483940291924,Emergency_Center,8
13,7,84.63118810503872,91.30940806482661,6.678219959787901,Emergency_Center,9
13,8,77.01274993092092,86.30538106410698,9.292631133186058,Emergency_Center,8
13,9,68.54215364165782,82.1029591858157,13.560805544157883,Emergency_Center,8
13,10,62.405721785434245,78.58800571888897,16.182283933454723,Emergency_Center,8
13,11,55.54831043080202,75.55999239620715,20.011681965405124,Emergency_Center,7
13,12,55.44120810484493,76.14250113417505,20.701293029330113,Emergency_Center,7
14,7,89.07477589502986,93.56156211029302,4.486786215263172,Emergency_Center,8
14,8,79.96523645032288,88.81751486821508,8.852278417892212,Emergency_Center,7
14,9,69.61192768537494,82.20092374215311,12.588996056778178,Emergency_Center,8
14,10,63.16185469648383,79.4910150220553,16.32916032557147,Emergency_Center,7
14,11,55.397684224404934,75.31693979285788,19.919255568452954,Emergency_Center,8
14,12,55.30133746898398,76.00109706456023,20.69975959557625,Emergency_Center,8
15,7,89.78401612380907,93.83811576138727,4.054099637578201,Emergency_Center,7
15,8,77.84947752922989,86.9508518205169,9.101374291287023,Hospital,9
15,9,70.18267008189324,83.09623376403708,12.913563682143858,Emergency_Center,8
15,10,62.76807542297034,78.8412758395451,16.073200416574775,Emergency_Center,9
15,11,54.424293391717804,74.53304149824487,20.108748106527063,Emergency_Center,8
15,12,53.03326384003489,73.79429999656298,20.76103615652809,Emergency_Center,8
16,7,88.13124307163153,92.59898274301028,4.467739671378745,Industrial_Plant,8
16,8,77.43167629277178,85.8016167679936,8.369940475221805,Emergency_Center,9
16,9,71.35322081804586,84.5673003023022,13.214079484256358,Emergency_Center,7
16,10,62.1077501072577,78.84415093831582,16.73640083105813,Emergency_Center,8
16,11,55.69735191486443,75.7922491070041,20.094897192139673,Emergency_Center,7
16,12,54.57184120517725,75.2223790113937,20.65053780621645,Emergency_Center,8
17,7,88.1259976414788,93.6035727065582,5.477575065079399,Hospital,7
17,8,80.30110497308618,89.14727164361781,8.84616667053163,Emergency_Center,7
17,9,69.30912981373021,82.49812827301533,13.188998459285116,Emergency_Center,8
17,10,62.19492480583869,78.41275509144135,16.217830285602663,Emergency_Center,8
17,11,54.888476919278325,74.86472043972375,19.976243520445426,Emergency_Center,7
17,12,53.67945758241487,74.26957678273345,20.59011920031858,Emergency_Center,7
18,7,87.35246389433937,92.5666697147463,5.214205820406937,Hospital,7
18,8,78.73758209117169,87.4983995042682,8.760817413096522,Emergency_Center,8
18,9,68.15757395954925,81.7884581286446,13.630884169095348,Emergency_Center,9
18,10,65.08113621665846,81.40737876368463,16.32624254702617,Emergency_Center,7
18,11,56.96162561153078,77.08423524626535,20.12260963473458,Emergency_Center,7
18,12,54.2405419890586,75.09330378727903,20.85276179822043,Emergency_Center,7
19,7,87.57499178577464,92.99587126016584,5.420879474391194,Hospital,8
19,8,77.17670033587387,86.29813678602721,9.121436450153341,Emergency_Center,9
19,9,70.47592624494662,82.68687033098352,12.210944086036902,Emergency_Center,7
19,10,60.69613730876415,77.04024037397481,16.344103065210657,Emergency_Center,9
19,11,54.89127487143908,74.84204177289574,19.950766901456664,Emergency_Center,9
19,12,54.39980921308173,75.00891867291557,20.609109459833842,Emergency_Center,7
20,7,83.90523911144886,91.22942448368103,7.3241853722321615,Emergency_Center,7
20,8,80.66703536580545,88.47953709222205,7.812501726416599,Emergency_Center,8
20,9,68.75838123847244,81.26216011874625,12.503778880273819,Emergency_Center,9
20,10,61.52213906813431,78.3390377281828,16.816898660048494,Emergency_Center,8
20,11,52.23771709089144,72.35862228126864,20.120905190377204,Emergency_Center,9
20,12,53.223381763649925,73.94023681710931,20.716855053459383,Emergency_Center,8
21,7,90.83602822225441,94.35132248803863,3.51529426578423,Emergency_Center,8
21,8,79.7725965744742,88.94036534566688,9.167768771192675,Emergency_Center,7
21,9,70.21653986994083,82.58815840683357,12.371618536892736,Emergency_Center,8
21,10,61.41672126374653,78.11021268443808,16.693491420691554,Emergency_Center,8
21,11,53.64074525250059,73.62914213300029,19.988396880499693,Emergency_Center,9
21,12,51.29593179890482,72.00229893615403,20.706367137249217,Emergency_Center,8
22,7,88.45003377418969,93.59699362757344,5.146959853383748,Hospital,9
22,8,77.04858324608013,85.29665193343051,8.248068687350385,Hospital,9
22,9,70.85776360383794,83.33477615394183,12.477012550103893,Emergency_Center,9
22,10,63.10198700075921,80.06017504947867,16.95818804871947,Emergency_Center,8
22,11,54.97053261246695,74.90161871540374,19.93108610293679,Emergency_Center,8
22,12,54.65373692387412,75.38173928885972,20.7280023649856,Emergency_Center,7
23,7,87.5255624859854,93.38844221698346,5.862879730998061,Hospital,7
23,8,77.65317866588471,86.64852745134623,8.995348785461522,Hospital,8
23,9,69.27172271429257,81.77845948040037,12.506736766107807,Emergency_Center,9
23,10,61.79094024528641,78.0579467728154,16.26700652752899,Emergency_Center,8
23,11,54.30082207711552,74.22682104397457,19.925998966859048,Emergency_Center,7
23,12,53.91125752801471,74.49563709620122,20.584379568186517,Emergency_Center,8
24,7,91.04099412312392,94.6418433145193,3.6008491913953833,Hospital,8
24,8,79.25033815338402,86.90739302097255,7.657054867588531,Emergency_Center,9
24,9,69.44592469156684,82.7912605448018,13.345335853234964,Emergency_Center,8
24,10,60.39210284946677,77.10446685318531,16.712364003718548,Emergency_Center,9
24,11,55.23935590430619,75.29730435700338,20.057948452697193,Emergency_Center,9
24,12,53.24576061226407,73.94487735645718,20.699116744193113,Emergency_Center,7
25,7,88.09895212750989,92.47112809049983,4.372175962989944,Hospital,8
25,8,79.7763853043267,87.7626454859308,7.98626018160411,Emergency_Center,8
25,9,71.71017828276695,84.03842815325922,12.32824987049227,Emergency_Center,7
25,10,62.63871900872332,79.2043681991782,16.565649190454877,Emergency_Center,8
25,11,54.114796295167785,74.08930644891987,19.974510153752078,Emergency_Center,8
25,12,53.07798821862386,73.70036381818606,20.622375599562204,Emergency_Center,7
26,7,85.64921235608357,90.98735912393798,5.3381467678544015,Emergency_Center,9
26,8,78.92541835087611,86.68706728974921,7.7616489388731,Emergency_Center,9
26,9,70.85602997878944,82.94192383456212,12.085893855772678,Emergency_Center,8
26,10,61.52860939543008,78.27402858153411,16.745419186104026,Emergency_Center,9
26,11,56.687626206710085,76.81852863874266,20.13090243203257,Emergency_Center,7
26,12,51.94433013726688,72.53039067891794,20.58606054165105,Emergency_Center,8
27,7,89.26619628467598,94.64285714285712,5.376660858181149,Hospital,8
27,8,78.3700682376746,87.94309713549316,9.573028897818558,Emergency_Center,7
27,9,69.88817867210092,83.4054234429977,13.517244770896774,Emergency_Center,7
27,10,60.120162251222794,76.90288238532997,16.782720134107176,Emergency_Center,9
27,11,55.018008264292064,75.10614586309264,20.08813759880057,Emergency_Center,8
27,12,55.69429663532044,76.41577538157132,20.721478746250888,Emergency_Center,7
28,7,88.29394351034537,92.53076696089403,4.236823450548655,Emergency_Center,8
28,8,80.42034961143834,88.72447027006235,8.304120658624015,Emergency_Center,9
28,9,70.51453023922602,83.08828028610188,12.573750046875853,Emergency_Center,9
28,10,62.82945094932797,79.70284674803325,16.873395798705282,Emergency_Center,8
28,11,52.562994163978416,72.69535665189902,20.132362487920595,Emergency_Center,9
28,12,50.718537480076385,71.52896216164272,20.81042468156633,Emergency_Center,9
29,7,88.1468785022072,92.8183831611548,4.671504658947601,Hospital,9
29,8,80.44085364203494,88.54220162114017,8.101347979105222,Emergency_Center,8
29,9,70.50824805433385,82.81216710111107,12.303919046777223,Emergency_Center,8
29,10,62.066404786860666,78.27580435322722,16.209399566366557,Emergency_Center,8
29,11,53.0969344331732,73.24537640757669,20.148441974403475,Emergency_Center,9
29,12,51.34736314446816,71.94547144889498,20.59810830442682,Emergency_Center,9
30,7,89.11671081405431,93.85800179022554,4.74129097617123,Hospital,8
30,8,75.41380380885171,85.1578981631139,9.74409435426219,Emergency_Center,8
30,9,71.70999654719105,83.69791146814562,11.987914920954557,Emergency_Center,7
30,10,60.16850498736598,77.1636122093071,16.99510722194113,Emergency_Center,8
30,11,51.09182308960997,71.08553208625678,19.99370899664681,Emergency_Center,9
30,12,51.02671972279273,71.60138659971913,20.574666876926408,Emergency_Center,9
31,7,82.68647426490078,90.90526595683109,8.218791691930317,Hospital,8
31,8,77.63152356610361,87.59926017451826,9.967736608414658,Hospital,8
31,9,68.51139660566331,80.8153198229589,12.303923217295587,Emergency_Center,9
31,10,64.05778764353178,80.64932805639711,16.591540412865324,Emergency_Center,8
31,11,56.310429614422816,76.38184753722214,20.071417922799316,Emergency_Center,8
31,12,52.071602061197254,72.79356386659909,20.721961805401833,Emergency_Center,8
32,7,85.78769652212624,92.7459292065936,6.958232684467369,Hospital,9
32,8,81.5233025192488,89.25918586740241,7.735883348153605,Emergency_Center,8
32,9,73.70858419427547,85.97209333163772,12.263509137362249,Emergency_Center,8
32,10,61.89196278449632,78.02571601820515,16.133753233708823,Emergency_Center,8
32,11,55.41392648093814,75.5799848403343,20.166058359396168,Emergency_Center,8
32,12,55.68984079578183,76.3187488664991,20.628908070717277,Emergency_Center,7
33,7,89.72626865158223,93.94170069029131,4.215432038709088,Emergency_Center,7
33,8,77.20909102777384,86.61083642314813,9.401745395374295,Emergency_Center,8
33,9,68.588423961081,80.55659963344189,11.968175672360893,Emergency_Center,9
33,10,65.0781593492655,81.35069843084798,16.272539081582472,Emergency_Center,7
33,11,56.21035886841265,76.19271611890328,19.982357250490633,Emergency_Center,7
33,12,51.18551209695749,71.87838001288239,20.692867915924907,Emergency_Center,9
34,7,90.4574402370999,94.3709363231373,3.9134960860373935,Hospital,7
34,8,79.76104972992601,88.30524169221513,8.544191962289116,Emergency_Center,8
34,9,69.84882042877948,82.47231924176258,12.623498812983092,Emergency_Center,7
34,10,60.80180292887618,77.33179191107268,16.529988982196496,Emergency_Center,9
34,11,55.28875049848815,75.35457178622383,20.065821287735673,Emergency_Center,8
34,12,51.12339058601011,71.82293515785979,20.69954457184968,Emergency_Center,8
35,7,90.67587341532882,94.57510959475852,3.8992361794296992,Hospital,8
35,8,78.25172463207716,86.04459800215542,7.792873370078269,Emergency_Center,9
35,9,72.34357913141861,84.43360132792466,12.090022196506068,Emergency_Center,7
35,10,61.81715288044437,78.1906612906292,16.373508410184822,Emergency_Center,8
35,11,54.37046184710267,74.56581904391685,20.19535719681418,Emergency_Center,8
35,12,52.544044687699696,73.37016751229926,20.82612282459957,Emergency_Center,8
36,7,88.59621773434073,93.9491629288318,5.352945194491065,Hospital,9
36,8,77.16884823918076,85.73730936290049,8.568461123719729,Emergency_Center,8
36,9,70.43600277930116,82.85532471186468,12.41932193256351,Emergency_Center,8
36,10,64.39475786155911,80.80424202716083,16.409484165601707,Emergency_Center,7
36,11,50.79935072701832,70.86402190988778,20.064671182869454,Emergency_Center,9
36,12,52.9134836531676,73.72564229292463,20.81215863975703,Emergency_Center,7
37,7,88.45924509252347,93.54322856410226,5.08398347157879,Emergency_Center,8
37,8,78.26876858227158,88.08790005844331,9.819131476171739,Emergency_Center,7
37,9,66.11725864587883,79.79551454996732,13.678255904088488,Emergency_Center,8
37,10,60.54249903244134,76.9444680782137,16.401969045772358,Emergency_Center,9
37,11,56.61755632270591,76.53205063191162,19.91449430920571,Emergency_Center,8
37,12,52.66268557197596,73.38515832490782,20.722472752931854,Emergency_Center,8
38,7,85.42358684331546,90.91444519409303,5.490858350777572,Hospital,9
38,8,79.64120965156515,87.74328992649616,8.102080274931012,Emergency_Center,8
38,9,70.7909469506381,83.06364160735946,12.272694656721361,Emergency_Center,8
38,10,59.61625427432601,76.3111935696438,16.694939295317802,Emergency_Center,9
38,11,50.68518003649467,70.78273344594655,20.097553409451873,Emergency_Center,9
38,12,52.96616684894098,73.66885708854318,20.702690239602195,Emergency_Center,8
39,7,89.7396487646269,94.20619514332607,4.4665463786991655,Hospital,9
39,8,76.45275353354522,85.74621942181496,9.293465888269736,Hospital,9
39,9,72.13801755338467,84.68960791045505,12.551590357070385,Emergency_Center,7
39,10,59.02814104307635,76.43494644332239,17.40680540024603,Emergency_Center,9
39,11,54.227478926990436,74.42199245872048,20.194513531730053,Emergency_Center,8
39,12,52.750448423042464,73.57532600609497,20.824877583052505,Emergency_Center,8
40,7,82.60299405541046,89.75923371303097,7.156239657620511,Emergency_Center,9
40,8,79.09421148535644,87.38619223932226,8.291980753965822,Hospital,8
40,9,67.5599948391994,80.14033701307503,12.580342173875614,Emergency_Center,9
40,10,62.147456580610125,78.47743303750711,16.32997645689698,Emergency_Center,8
40,11,53.03659061670819,73.21942576481952,20.182835148111334,Emergency_Center,8
40,12,52.9324683913562,73.61094694748788,20.678478556131672,Emergency_Center,8
41,7,85.94833595799952,91.49537816033335,5.547042202333829,Hospital,9
41,8,80.47822104293793,88.75256232628284,8.27434128334492,Emergency_Center,8
41,9,66.95908114728596,79.39042478128103,12.431343633995073,Emergency_Center,9
41,10,63.750459268049234,80.05552891743756,16.305069649388326,Emergency_Center,8
41,11,53.01524304328943,73.04584798485541,20.03060494156599,Emergency_Center,8
41,12,51.978093417368754,72.64887957766042,20.670786160291676,Emergency_Center,8
42,7,86.91994055854553,91.79560391898877,4.875663360443239,Emergency_Center,9
42,8,79.28542197154263,87.63064937695579,8.345227405413159,Emergency_Center,7
42,9,67.6911299259286,80.31879578818503,12.627665862256421,Emergency_Center,8
42,10,61.70436533637843,78.25123574971332,16.54687041333488,Emergency_Center,8
42,11,56.78525106407252,76.99982442762378,20.21457336355126,Emergency_Center,7
42,12,52.82997756816752,73.64752713193937,20.817549563771852,Emergency_Center,9
43,7,87.36993974341463,92.39776290557738,5.027823162162748,Emergency_Center,8
43,8,78.75094032113685,86.9015920639688,8.150651742831949,Hospital,8
43,9,68.40330520286199,81.49195615433301,13.088650951471026,Hospital,8
43,10,62.91456681709491,79.19718912402112,16.28262230692622,Emergency_Center,9
43,11,52.07664296913214,72.12460073039885,20.047957761266723,Emergency_Center,9
43,12,52.99967188465834,73.78536265777912,20.78569077312078,Emergency_Center,9
44,7,90.05687916959165,94.18711581744193,4.130236647850283,Hospital,7
44,8,77.31757854624118,87.0782317420414,9.760653195800229,Hospital,8
44,9,67.58571526181971,79.95873347514495,12.373018213325238,Emergency_Center,9
44,10,61.94544521973907,78.53583542876034,16.590390209021265,Emergency_Center,7
44,11,56.28226437905334,76.30337366434662,20.021109285293292,Emergency_Center,7
44,12,52.28003407762554,72.90872997726682,20.62869589964128,Emergency_Center,7
45,7,87.0074060412336,91.96000368019445,4.952597638960854,Hospital,9
45,8,82.17788652348986,89.71225198055203,7.534365457062164,Emergency_Center,8
45,9,72.35026547561851,85.02102279846314,12.670757322844628,Emergency_Center,8
45,10,60.77455793105921,77.50012257691841,16.725564645859205,Emergency_Center,9
45,11,54.00586341506535,74.05245304639978,20.046589631334435,Emergency_Center,8
45,12,50.60194144110175,71.36808860914402,20.76614716804228,Emergency_Center,9
46,7,83.55239773219427,90.50194907225804,6.949551340063776,Hospital,9
46,8,80.8534263407617,88.35342634076169,7.499999999999984,Emergency_Center,8
46,9,70.73055557718216,82.79378635854535,12.063230781363199,Emergency_Center,9
46,10,64.16801434082775,80.30127012249439,16.133255781666634,Emergency_Center,8
46,11,52.841084842746845,72.96337420789304,20.122289365146194,Emergency_Center,9
46,12,54.45919752026918,75.03560314783678,20.576405627567606,Emergency_Center,8
47,7,87.3014877528287,92.42943566092315,5.1279479080944546,Emergency_Center,8
47,8,78.19124220558538,86.24075495898225,8.04951275339687,Hospital,8
47,9,70.0655955315133,82.56932100454753,12.503725473034244,Emergency_Center,9
47,10,63.34884717252308,79.43346652345807,16.084619350934982,Emergency_Center,7
47,11,57.36706618098292,77.31815236244562,19.951086181462696,Emergency_Center,8
47,12,52.932031748403006,73.75730334717672,20.82527159877371,Emergency_Center,7
48,7,86.12489310209666,91.98350454667629,5.85861144457962,Hospital,9
48,8,79.2873470061626,88.03748065553562,8.750133649373016,Emergency_Center,7
48,9,71.3044576060643,83.73401336265003,12.429555756585732,Emergency_Center,7
48,10,58.83456107493984,75.57044105947418,16.735879984534343,Emergency_Center,9
48,11,57.35324501176656,77.36788242241443,20.01463741064786,Emergency_Center,7
48,12,51.36918520049451,72.17534458047601,20.806159379981494,Emergency_Center,8
49,7,87.57651731230716,93.01355789796035,5.437040585653197,Emergency_Center,8
49,8,81.52206798050393,89.02206798050393,7.500000000000007,Emergency_Center,7
49,9,70.37073135611544,82.72612673315308,12.355395377037636,Emergency_Center,9
49,10,61.38811969607938,77.95259566240233,16.564475966322956,Emergency_Center,8
49,11,53.80466574246115,73.72075228400888,19.916086541547738,Emergency_Center,8
49,12,54.91941545258307,75.54995783259834,20.63054238001527,Emergency_Center,7
50,7,85.15177756504151,91.88516756316987,6.73338999812837,Hospital,8
50,8,78.73752940790175,87.07611929688781,8.33858988898607,Emergency_Center,7
50,9,68.99171631714731,82.25965459062597,13.267938273478663,Emergency_Center,8
50,10,61.36068609478177,77.73916535190567,16.3784792571239,Emergency_Center,8
50,11,56.01360919892938,75.97570528590575,19.962096086976366,Emergency_Center,8
50,12,55.32496406830963,75.9378200620963,20.61285599378667,Emergency_Center,7
51,7,89.78130542059021,93.66325162612118,3.8819462055309617,Hospital,7
51,8,78.36004717497761,86.81450360440296,8.454456429425349,Emergency_Center,7
51,9,70.59490559069465,83.7020885232814,13.107182932586758,Emergency_Center,7
51,10,61.28966252070766,77.67908275269957,16.389420231991913,Emergency_Center,9
51,11,53.989948546155574,74.07486917724093,20.084920631085346,Emergency_Center,9
51,12,53.83995666462179,74.61825873999076,20.77830207536897,Emergency_Center,8
52,7,90.32426586051547,93.91085097547328,3.5865851149578076,Hospital,8
52,8,80.52294533831231,88.80396953907457,8.281024200762266,Emergency_Center,9
52,9,67.68431644890484,80.37048688254933,12.686170433644495,Hospital,9
52,10,62.986442226262454,79.46277620232428,16.47633397606183,Emergency_Center,8
52,11,54.08799059962293,73.97178550138467,19.883794901761753,Emergency_Center,8
52,12,53.43200500696648,74.1887607117013,20.75675570473483,Emergency_Center,8
53,7,87.53950199355138,92.26865127398533,4.729149280433942,Emergency_Center,8
53,8,76.02321805227096,85.21059841995266,9.187380367681698,Emergency_Center,9
53,9,68.02774729889445,81.09171000472682,13.063962705832354,Emergency_Center,8
53,10,61.62206512749855,77.7277212513596,16.105656123861046,Emergency_Center,8
53,11,55.67869967899204,75.87579911041242,20.197099431420373,Emergency_Center,8
53,12,54.34027295822075,75.17558715091482,20.835314192694078,Emergency_Center,7
54,7,87.74183724127779,93.32010295362846,5.578265712350672,Hospital,8
54,8,74.56320751860703,85.08654904883413,10.523341530227093,Emergency_Center,9
54,9,68.74013256984122,81.93262887347386,13.192496303632629,Emergency_Center,8
54,10,60.184701276469625,76.90950800459225,16.724806728122633,Emergency_Center,9
54,11,55.585908469980296,75.51301819032685,19.927109720346557,Emergency_Center,8
54,12,54.15389766255733,74.84105171114486,20.68715404858753,Emergency_Center,8
55,7,90.02798267799426,93.84922020447125,3.821237526476995,Hospital,8
55,8,75.33396204040051,84.99973388392633,9.665771843525818,Emergency_Center,8
55,9,69.91598971492303,82.55680577420598,12.640816059282944,Emergency_Center,9
55,10,64.10927462415842,80.74768968668319,16.63841506252477,Emergency_Center,9
55,11,55.21914600999614,75.3084434734267,20.089297463430565,Emergency_Center,8
55,12,53.67116950804226,74.3097683936053,20.63859888556304,Emergency_Center,8
56,7,88.37575886361748,92.9194977538209,4.54373889020343,Hospital,8
56,8,79.27688961702796,88.26528940966642,8.988399792638457,Emergency_Center,8
56,9,71.75718953053523,83.5429038162495,11.785714285714278,Emergency_Center,7
56,10,60.58686989099412,77.54624844668959,16.95937855569547,Emergency_Center,9
56,11,55.17769309250523,75.32926317359504,20.151570081089808,Emergency_Center,8
56,12,52.77022468267979,73.41354633146491,20.64332164878513,Emergency_Center,8
57,7,85.10037747897002,91.26816580740045,6.167788328430424,Emergency_Center,9
57,8,80.29914969375508,88.48164345493645,8.182493761181364,Hospital,8
57,9,70.09169706050182,83.18210968606557,13.090412625563763,Emergency_Center,7
57,10,62.09930406699801,78.17073263842659,16.07142857142858,Emergency_Center,8
57,11,55.494135404293196,75.4948480914426,20.000712687149402,Emergency_Center,8
57,12,53.9300329945052,74.71284505737059,20.782812062865386,Emergency_Center,7
58,7,85.94736461048032,91.75976615189184,5.812401541411527,Hospital,8
58,8,78.17419008718855,86.7950949402861,8.620904853097567,Emergency_Center,8
58,9,68.83003775476546,82.27756163565162,13.44752388088617,Emergency_Center,7
58,10,59.23735368347581,75.88892823906309,16.651574555587278,Emergency_Center,9
58,11,54.26734999378995,74.26860333877269,20.00125334498274,Emergency_Center,7
58,12,50.945345249227145,71.63515170585177,20.689806456624616,Emergency_Center,8
59,7,89.82430984097965,94.34048515076208,4.516175309782422,Hospital,8
59,8,80.4116956823771,87.91169568237711,7.500000000000007,Emergency_Center,7
59,9,69.96278326440785,83.21332668454451,13.250543420136662,Emergency_Center,7
59,10,62.884826874265784,78.9730842409588,16.088257366693004,Emergency_Center,8
59,11,54.62478839640198,74.64624167605682,20.021453279654843,Emergency_Center,7
59,12,52.233602036983164,72.91251335293553,20.678911315952377,Emergency_Center,9
60,7,84.98070846887929,90.79088773764184,5.81017926876256,Hospital,9
60,8,78.78083224272905,87.581819071638,8.800986828908941,Emergency_Center,7
60,9,71.48211278156202,83.82208440984678,12.339971628284763,Emergency_Center,8
60,10,64.75424126259782,80.84452878134903,16.09028751875121,Emergency_Center,8
60,11,54.35652819501202,74.48461638396486,20.12808818895284,Emergency_Center,8
60,12,51.92131047588512,72.6916956492001,20.77038517331499,Emergency_Center,8
61,7,85.78837056553704,92.22036123518058,6.431990669643528,Hospital,8
61,8,80.7242918088276,88.63644515703083,7.912153348203244,Hospital,8
61,9,70.54272531085678,83.77629303732607,13.233567726469285,Emergency_Center,8
61,10,64.62328364818457,80.94658905338167,16.323305405197097,Emergency_Center,9
61,11,54.34735713980887,74.43369605535335,20.086338915544477,Emergency_Center,8
61,12,54.94168263212885,75.74245527376853,20.800772641639675,Emergency_Center,7
62,7,88.72663708243155,92.86761517793813,4.140978095506576,Emergency_Center,8
62,8,79.46015389610977,88.9412699936428,9.481116097533027,Emergency_Center,8
62,9,70.88881500903888,82.95155508696625,12.06274007792737,Emergency_Center,8
62,10,65.48015644203863,81.88496257299907,16.40480613096045,Emergency_Center,8
62,11,52.34152941893645,72.44116487926436,20.099635460327914,Emergency_Center,8
62,12,54.24241544168217,74.89383444300242,20.65141900132025,Emergency_Center,8
63,7,89.23137711917673,93.42549710234725,4.1941199831705305,Hospital,9
63,8,79.98859702607058,88.0598045212989,8.071207495228316,Emergency_Center,8
63,9,72.44234225641112,84.35431642966313,11.911974173252005,Emergency_Center,9
63,10,60.91723373699488,77.67294114025815,16.755707403263266,Emergency_Center,9
63,11,56.22113350907891,76.29840523810653,20.07727172902761,Emergency_Center,8
63,12,52.18570317239974,72.77612979638747,20.590426623987724,Emergency_Center,9
64,7,89.03477266008596,93.47056103703159,4.435788376945615,Hospital,9
64,8,78.08220345494449,86.69665696047836,8.61445350553387,Emergency_Center,8
64,9,72.93128346236809,85.26018231282626,12.32889885045817,Emergency_Center,8
64,10,62.14003421674364,78.4469700757933,16.306935859049652,Emergency_Center,8
64,11,52.367985591092726,72.37709167394596,20.009106082853222,Emergency_Center,8
64,12,52.99165817375441,73.7154905372927,20.723832363538286,Emergency_Center,8
65,7,84.91952156748381,91.44245488244836,6.522933314964552,Hospital,8
65,8,78.38018694616864,87.07091578875561,8.69072884258697,Hospital,9
65,9,67.41108985586408,81.81207694558788,14.400987089723804,Emergency_Center,8
65,10,60.73634906928513,77.50691114698822,16.77056207770309,Emergency_Center,9
65,11,56.21404492667536,76.33814704966328,20.124102122987907,Emergency_Center,7
65,12,54.21102337048932,74.97355324635532,20.762529875865997,Emergency_Center,7
66,7,86.40136058804099,92.57003171390855,6.168671125867564,Hospital,8
66,8,73.89219826429463,84.39063011492823,10.498431850633594,Hospital,9
66,9,72.36517275774774,85.78696382165468,13.42179106390694,Emergency_Center,7
66,10,61.9769190268741,78.4888028952304,16.511883868356303,Emergency_Center,8
66,11,54.91114417429671,75.13360179408332,20.222457619786603,Emergency_Center,9
66,12,53.11926103167818,73.80955753889805,20.690296507219873,Emergency_Center,8
67,7,87.86715550451804,92.32068095675893,4.453525452240903,Hospital,9
67,8,79.99823851814524,89.18155421046396,9.183315692318727,Emergency_Center,7
67,9,73.08587893701804,85.32251746726686,12.236638530248822,Emergency_Center,8
67,10,63.04607006145685,79.62187743693733,16.57580737548048,Emergency_Center,7
67,11,54.40745608886518,74.44555306296749,20.038096974102302,Emergency_Center,8
67,12,51.124266842151975,71.86402077520894,20.73975393305696,Emergency_Center,8
68,7,90.66996587696111,94.880806191395,4.2108403144338835,Emergency_Center,8
68,8,81.64194190726285,89.40297916875095,7.761037261488091,Emergency_Center,8
68,9,71.46741375125328,83.49612382396192,12.028710072708648,Emergency_Center,8
68,10,61.26559021610415,78.09535651903161,16.829766302927464,Emergency_Center,8
68,11,52.45469660790888,72.60008504187077,20.145388433961898,Emergency_Center,8
68,12,55.05223355981318,75.6886879326079,20.63645437279472,Emergency_Center,7
69,7,87.71613044370518,92.85900067373346,5.142870230028285,Emergency_Center,7
69,8,78.32500714896679,87.10456566414449,8.779558515177687,Emergency_Center,9
69,9,72.43328754937758,85.59804033872946,13.164752789351885,Emergency_Center,7
69,10,63.89793480025329,80.27827001774904,16.380335217495755,Emergency_Center,7
69,11,57.16857023063871,77.32502271765873,20.156452487020015,Emergency_Center,7
69,12,50.22496397015628,71.05588985803541,20.830925887879136,Emergency_Center,8
70,7,85.83537830420184,91.57067312526749,5.735294821065651,Hospital,9
70,8,80.19648551963321,88.58826494781611,8.3917794281829,Emergency_Center,7
70,9,70.94722797607226,83.81447095859995,12.867242982527694,Emergency_Center,7
70,10,65.06958420562941,81.57782963371737,16.508245428087964,Emergency_Center,7
70,11,56.62743692658293,76.78554189273287,20.158104966149935,Emergency_Center,7
70,12,52.35941557743956,73.10285265752697,20.7434370800874,Emergency_Center,8
71,7,84.36256345141614,90.47238750901388,6.109824057597746,Hospital,8
71,8,78.37263742078555,86.60211965776294,8.229482236977393,Hospital,9
71,9,70.60350905992814,83.42591572888999,12.82240666896184,Emergency_Center,9
71,10,63.4346871256256,79.85144445333965,16.41675732771405,Emergency_Center,8
71,11,55.1342547085566,75.01511920296748,19.880864494410886,Emergency_Center,8
71,12,53.69634560982259,74.52043742644764,20.824091816625057,Emergency_Center,8
72,7,88.38886489509831,93.00375233509568,4.614887439997373,Hospital,8
72,8,81.6669865947197,89.16698659471972,7.500000000000007,Emergency_Center,8
72,9,72.95252860590212,84.7382428916164,11.785714285714267,Emergency_Center,7
72,10,63.28039130382626,79.42659674394098,16.146205440114713,Emergency_Center,8
72,11,55.58005824949406,75.63153280352579,20.051474554031724,Emergency_Center,7
72,12,53.268940966587344,73.96025991522696,20.691318948639616,Emergency_Center,8
73,7,88.60123067609752,92.52054168488766,3.9193110087901495,Emergency_Center,8
73,8,76.31699726891632,86.14851462174995,9.831517352833618,Emergency_Center,8
73,9,70.53955878070497,82.61428101466134,12.074722233956392,Emergency_Center,9
73,10,61.04415110855527,77.65025560827678,16.606104499721507,Emergency_Center,8
73,11,52.61402862773284,72.80058578664287,20.186557158910023,Emergency_Center,8
73,12,54.586870689885515,75.29023940793361,20.703368718048097,Emergency_Center,8
74,7,86.1323282545719,92.42116822583094,6.2888399712590415,Hospital,8
74,8,80.65040470497141,88.15040470497142,7.500000000000007,Emergency_Center,7
74,9,69.00458294267568,81.65464737002821,12.650064427352525,Emergency_Center,9
74,10,64.1209315286753,80.1997753857277,16.078843857052394,Emergency_Center,9
74,11,54.41009487822879,74.52336098804999,20.113266109821193,Emergency_Center,8
74,12,52.74203960641223,73.34936733159557,20.607327725183346,Emergency_Center,7
75,7,91.33136797806615,94.64285714285712,3.3114891647909706,Hospital,7
75,8,81.79767727322258,89.29767727322258,7.499999999999996,Emergency_Center,7
75,9,70.52192222440705,83.65918355097415,13.137261326567096,Emergency_Center,7
75,10,58.23461553149241,75.44355573214156,17.20894020064916,Emergency_Center,9
75,11,51.640968334825,71.8311807431441,20.19021240831911,Emergency_Center,9
75,12,53.251119564194205,73.9654050123587,20.714285448164492,Emergency_Center,7
76,7,88.10911493104169,92.7286425621377,4.61952763109601,Emergency_Center,8
76,8,79.20417848230258,87.70974881121862,8.505570328916045,Hospital,8
76,9,67.88714085579048,80.67455771877096,12.787416862980482,Emergency_Center,9
76,10,63.25498866570259,80.150555225507,16.895566559804408,Emergency_Center,8
76,11,56.54464470401803,76.68696358938968,20.142318885371647,Emergency_Center,8
76,12,52.79159912331933,73.6357576302326,20.844158506913267,Emergency_Center,8
77,7,90.61499020044535,94.07821947517867,3.463229274733326,Hospital,8
77,8,77.95466627721737,86.88233659071662,8.927670313499247,Hospital,9
77,9,69.28148759561648,82.52946105621687,13.247973460600381,Emergency_Center,8
77,10,63.1004626461133,79.2561905192936,16.155727873180293,Emergency_Center,7
77,11,52.24977434226613,72.43344358579243,20.183669243526303,Emergency_Center,8
77,12,52.60051938729767,73.45380598614952,20.853286598851838,Emergency_Center,7
78,7,85.15206796562515,91.22500543387011,6.072937468244966,Hospital,9
78,8,77.63642157554153,87.16311981242549,9.526698236883957,Emergency_Center,8
78,9,69.90799462313389,82.59831337670195,12.690318753568075,Emergency_Center,8
78,10,62.12265010222594,79.05023443554197,16.927584333316027,Emergency_Center,8
78,11,55.68286673350931,75.74189110894226,20.059024375432955,Emergency_Center,9
78,12,52.73594417292323,73.3492835426641,20.613339369740867,Emergency_Center,9
79,7,88.36339240523216,94.01749370628438,5.654101301052217,Hospital,8
79,8,80.21045578387583,87.71045578387583,7.499999999999996,Emergency_Center,8
79,9,72.09036872852141,83.87608301423568,11.785714285714255,Emergency_Center,8
79,10,60.79376917606659,76.99863370434846,16.20486452828187,Emergency_Center,8
79,11,54.599974036207385,74.66214484197086,20.06217080576347,Emergency_Center,7
79,12,52.41709479774622,73.14192159116409,20.724826793417872,Emergency_Center,8
80,7,90.60539992141733,94.64285714285712,4.0374572214398,Emergency_Center,7
80,8,80.40717256716005,89.81390071485679,9.406728147696741,Emergency_Center,7
80,9,66.27498871320641,79.61562254679583,13.340633833589411,Emergency_Center,9
80,10,64.17549945992465,80.41633700797297,16.240837548048326,Emergency_Center,7
80,11,55.978532210268526,76.00380483832832,20.0252726280598,Emergency_Center,7
80,12,53.45545886050178,74.1172670204004,20.66180815989862,Emergency_Center,8
81,7,84.13457188104864,90.45230623778161,6.317734356732963,Emergency_Center,8
81,8,79.65004294107534,88.86826164776377,9.21821870668843,Emergency_Center,7
81,9,69.73633038538853,82.07866482892516,12.342334443536629,Emergency_Center,9
81,10,63.9952586246059,80.50099705673792,16.505738432132013,Emergency_Center,7
81,11,56.48785197187725,76.50164531596536,20.013793344088114,Emergency_Center,8
81,12,51.91893083482013,72.51492245808564,20.595991623265498,Emergency_Center,9
82,7,88.46912615420153,93.20321826492452,4.734092110722976,Hospital,8
82,8,79.45458119508055,88.04656078635728,8.591979591276722,Emergency_Center,7
82,9,69.44782739132692,81.23354167704119,11.785714285714267,Emergency_Center,9
82,10,62.92849596563451,79.78749355645799,16.858997590823478,Emergency_Center,8
82,11,54.50780079745095,74.54291633973611,20.035115542285165,Emergency_Center,8
82,12,54.47275928458464,75.27480349611253,20.802044211527893,Emergency_Center,8
83,7,86.3379963936606,92.28886403688283,5.9508676432222245,Emergency_Center,9
83,8,78.6746620919452,88.48907001423554,9.814407922290346,Emergency_Center,7
83,9,72.14163402627184,85.24850215246137,13.10686812618953,Emergency_Center,7
83,10,63.468941349560836,80.18432164303711,16.71538029347628,Emergency_Center,7
83,11,53.988150210763884,74.13191150038301,20.14376128961912,Emergency_Center,8
83,12,51.06761760947502,71.7657746947945,20.69815708531948,Emergency_Center,9
84,7,85.81364917496221,90.94355570754306,5.129906532580842,Hospital,9
84,8,80.30985628535932,88.25615057339516,7.946294288035849,Emergency_Center,8
84,9,70.40133071737202,82.67256503418098,12.271234316808954,Emergency_Center,8
84,10,61.575059914685845,78.93478847406622,17.359728559380372,Emergency_Center,8
84,11,54.65047621721263,74.59752982825277,19.947053611040143,Emergency_Center,8
84,12,50.37052441343334,71.11261238394422,20.74208797051088,Emergency_Center,9
85,7,86.19651932572303,91.78773514352126,5.591215817798223,Hospital,9
85,8,80.22347388049931,88.27002103981413,8.046547159314809,Emergency_Center,9
85,9,70.20190652197591,82.98535585182509,12.783449329849173,Emergency_Center,8
85,10,59.69572449716913,76.62878307934466,16.93305858217552,Emergency_Center,9
85,11,56.37150983951934,76.23852325079874,19.867013411279398,Emergency_Center,7
85,12,52.3348995091707,73.06203445948779,20.727134950317094,Emergency_Center,8
86,7,88.13598478038261,92.78845948853348,4.652474708150867,Emergency_Center,9
86,8,75.39581049530017,85.15307671287053,9.75726621757036,Emergency_Center,9
86,9,70.88016910244835,83.41861455265988,12.538445450211533,Emergency_Center,8
86,10,62.854713992968556,79.4009100075696,16.546196014601044,Emergency_Center,9
86,11,54.4140530357094,74.3847924329677,19.970739397258306,Emergency_Center,9
86,12,51.46026504798918,72.23143870263861,20.771173654649434,Emergency_Center,9
87,7,85.60446039852577,91.64631069267377,6.041850294147999,Hospital,8
87,8,79.65475302070769,87.68383081004846,8.02907778934079,Hospital,8
87,9,69.51849654005996,82.967326589238,13.44883004917804,Emergency_Center,7
87,10,64.25216425265566,80.503327117915,16.25116286525935,Emergency_Center,8
87,11,55.210395474945294,75.34734462787162,20.13694915292632,Emergency_Center,8
87,12,53.19358353756923,73.83262583760978,20.639042300040554,Emergency_Center,8
88,7,87.5273741553472,92.34524522506877,4.817871069721558,Hospital,9
88,8,81.51537611935402,89.81029804711557,8.294921927761557,Emergency_Center,8
88,9,71.09741121930941,83.54144518092784,12.44403396161844,Emergency_Center,9
88,10,61.10067088294342,77.56076527010968,16.460094387166258,Emergency_Center,8
88,11,54.78197946822904,74.71539186038488,19.933412392155848,Emergency_Center,8
88,12,54.95648245919592,75.79872805416761,20.842245594971686,Emergency_Center,7
89,7,86.45022350833746,93.02384302851146,6.573619520174001,Hospital,9
89,8,78.12053044129684,87.06109218740305,8.940561746106201,Emergency_Center,8
89,9,71.32294058096178,84.06464306189517,12.74170248093338,Emergency_Center,7
89,10,60.7424836803129,77.26212856688318,16.519644886570273,Emergency_Center,9
89,11,54.4343769609834,74.38835961069124,19.953982649707836,Emergency_Center,8
89,12,55.98653089133876,76.6954129309962,20.70888203965744,Emergency_Center,7
90,7,89.57437914629148,94.34171772511102,4.767338578819535,Hospital,9
90,8,76.64143776723034,85.5085972996745,8.86715953244417,Emergency_Center,9
90,9,69.80940443199745,83.04644937931369,13.237044947316223,Emergency_Center,7
90,10,63.004099061409335,79.50451729697554,16.500418235566194,Emergency_Center,8
90,11,56.51948444635938,76.65366511875324,20.134180672393864,Emergency_Center,7
90,12,55.099888875865865,75.80718942705825,20.707300551192375,Emergency_Center,8
91,7,87.35592270140732,91.98259969189523,4.62667699048791,Hospital,8
91,8,77.87154089615275,86.06836839732361,8.196827501170867,Hospital,9
91,9,70.60233341345041,83.63387333789117,13.03153992444076,Emergency_Center,8
91,10,61.90522397252647,78.52089591015383,16.61567193762735,Emergency_Center,9
91,11,56.378121121643524,76.26460637145833,19.88648524981481,Emergency_Center,7
91,12,53.73114356221895,74.46288163522814,20.731738073009186,Emergency_Center,7
92,7,89.48529330388945,93.77100758960373,4.285714285714281,Hospital,8
92,8,80.52679835763897,89.13262207858249,8.605823720943507,Emergency_Center,9
92,9,72.12143786069647,84.12943194048795,12.007994079791473,Emergency_Center,8
92,10,63.19209544828943,80.07969263263648,16.887597184347047,Emergency_Center,8
92,11,53.94880037571902,74.10961471449332,20.1608143387743,Emergency_Center,9
92,12,54.80299583709065,75.59303582552973,20.79003998843908,Emergency_Center,7
93,7,89.52212337227728,93.75829460245536,4.236171230178087,Emergency_Center,8
93,8,81.2527071987926,89.64428449650397,8.391577297711361,Emergency_Center,7
93,9,67.86380714307974,80.88821016985938,13.024403026779641,Emergency_Center,8
93,10,61.49893092397484,78.50999901243355,17.011068088458714,Emergency_Center,7
93,11,54.703256738563965,74.78868110100615,20.085424362442183,Emergency_Center,9
93,12,53.49604222599097,74.30482630808079,20.808784082089815,Emergency_Center,8
94,7,84.60493951311764,90.44341569253353,5.838476179415886,Hospital,9
94,8,78.70070318145869,87.67640492228216,8.975701740823471,Hospital,8
94,9,70.52249778607244,83.25240670186501,12.729908915792576,Emergency_Center,8
94,10,62.046550948821455,78.1444936874257,16.09794273860423,Emergency_Center,8
94,11,56.228792548644314,76.19769312367711,19.968900575032798,Emergency_Center,7
94,12,54.54756253786371,75.15575208531756,20.608189547453847,Emergency_Center,7
95,7,86.91907845597726,91.79792877821308,4.878850322235828,Emergency_Center,8
95,8,81.7590340230997,89.5664174226512,7.8073833995515045,Emergency_Center,7
95,9,68.29296160355696,81.3826125070376,13.089650903480631,Emergency_Center,9
95,10,65.23923890322561,81.64665821093875,16.407419307713134,Emergency_Center,7
95,11,55.088771397027095,74.9506561318012,19.861884734774105,Emergency_Center,8
95,12,54.978893940484284,75.62776335007388,20.648869409589597,Emergency_Center,8
96,7,85.96838244854233,91.69511691670884,5.726734468166517,Hospital,8
96,8,79.75314407016695,88.26379287061226,8.51064880044532,Emergency_Center,7
96,9,70.08052622181081,83.25498940052354,13.174463178712726,Emergency_Center,8
96,10,61.11723697145687,77.61631552923448,16.499078557777615,Emergency_Center,8
96,11,54.91939834151513,75.0917279353906,20.17232959387547,Emergency_Center,8
96,12,55.81869272577704,76.40326931426831,20.584576588491277,Emergency_Center,7
97,7,89.58546542652878,93.53205736452269,3.946591937993904,Emergency_Center,8
97,8,77.91815892831197,87.4078461179078,9.48968718959583,Emergency_Center,9
97,9,68.95167979132762,82.24788208417941,13.296202292851788,Emergency_Center,9
97,10,62.926636500232455,79.11245724952029,16.18582074928784,Emergency_Center,9
97,11,52.4302100547762,72.55795868841675,20.12774863364055,Emergency_Center,9
97,12,54.64702725617522,75.40785134482488,20.760824088649667,Emergency_Center,8
98,7,87.38361096489761,92.8261682478253,5.442557282927685,Emergency_Center,7
98,8,78.59642003154732,87.22231261958349,8.625892588036155,Emergency_Center,7
98,9,71.58812493404086,83.9349383241088,12.346813390067934,Emergency_Center,8
98,10,63.6579706767331,80.13205091181572,16.47408023508262,Emergency_Center,8
98,11,53.61602980787236,73.62420321399576,20.008173406123397,Emergency_Center,8
98,12,53.771745150887305,74.3523955484294,20.580650397542087,Emergency_Center,8
99,7,84.48014704460878,91.11709575679932,6.636948712190527,Hospital,9
99,8,78.60868265985309,87.23874978816154,8.63006712830845,Emergency_Center,7
99,9,72.8035927363356,84.7279412652041,11.924348528868489,Emergency_Center,8
99,10,64.78737755620513,80.94212511054481,16.15474755433968,Emergency_Center,7
99,11,55.179346855620324,75.25219057822842,20.072843722608102,Emergency_Center,7
99,12,50.98281620289315,71.81985459901526,20.83703839612212,Emergency_Center,8
100,7,86.05085859744503,92.0874077202238,6.0365491227787675,Emergency_Center,8
100,8,77.11606103769707,85.77529859756882,8.659237559871757,Emergency_Center,9
100,9,70.66036222459643,82.89861711476581,12.238254890169387,Emergency_Center,9
100,10,63.803103735097096,80.90200004117798,17.098896306080892,Emergency_Center,7
100,11,53.18827041177627,73.2472181959366,20.05894778416032,Emergency_Center,9
100,12,50.797727093163346,71.37760217324237,20.579875080079024,Emergency_Center,9
