temperature_c,grid_stress_percent,failure,severity,system_service_percent,critical_service_percent,failed_node,affected_nodes
0,75.0,NO,0.0,100.0,100.0,,0
1,79.0,NO,0.0,100.0,100.0,,0
2,83.0,NO,0.0,100.0,100.0,,0
3,87.0,NO,0.0,100.0,100.0,,0
4,91.0,NO,0.0,100.0,100.0,,0
5,95.0,NO,0.0,100.0,100.0,,0
6,99.0,NO,0.0,100.0,100.0,,0
7,103.0,YES,0.15000000000000013,91.42857142857143,85.0,GridStation,7
8,107.0,YES,0.3500000000000003,81.42857142857142,71.66666666666664,GridStation,7
9,110.99999999999999,YES,0.5499999999999994,72.85714285714289,65.00000000000003,GridStation,7
10,114.99999999999999,YES,0.7499999999999996,64.2857142857143,58.33333333333335,GridStation,7
11,119.0,YES,0.9499999999999997,56.071428571428584,53.333333333333336,GridStation,7
12,123.0,YES,1.15,54.285714285714285,53.333333333333336,GridStation,7
13,127.0,YES,1.35,54.285714285714285,53.333333333333336,GridStation,7
14,131.0,YES,1.5500000000000003,54.285714285714285,53.333333333333336,GridStation,7
15,135.0,YES,1.7500000000000004,54.285714285714285,53.333333333333336,GridStation,7
16,139.0,YES,1.9500000000000006,54.285714285714285,53.333333333333336,GridStation,7
17,143.00000000000003,YES,2.150000000000001,54.285714285714285,53.333333333333336,GridStation,7
18,147.0,YES,2.3499999999999996,54.285714285714285,53.333333333333336,GridStation,7
19,151.0,YES,2.55,54.285714285714285,53.333333333333336,GridStation,7
20,155.0,YES,2.75,54.285714285714285,53.333333333333336,GridStation,7
