temperature_c,grid_stress_percent,failure,severity,baseline_system_service_percent,baseline_critical_service_percent,earthn_service_percent,improvement_percentage_points,selected_intervention,absolute_service_difference,earthn_higher_service
0,75.0,NO,0.0,100.0,100.0,100.0,0.0,,0.0,False
1,79.0,NO,0.0,100.0,100.0,100.0,0.0,,0.0,False
2,83.0,NO,0.0,100.0,100.0,100.0,0.0,,0.0,False
3,87.0,NO,0.0,100.0,100.0,100.0,0.0,,0.0,False
4,91.0,NO,0.0,100.0,100.0,100.0,0.0,,0.0,False
5,95.0,NO,0.0,100.0,100.0,100.0,0.0,,0.0,False
6,99.0,NO,0.0,100.0,100.0,100.0,0.0,,0.0,False
7,103.0,YES,0.1500000000000001,91.42857142857144,85.0,94.64285714285712,3.214285714285703,Hospital,3.2142857142856798,True
8,107.0,YES,0.3500000000000003,81.42857142857142,71.66666666666664,88.92857142857142,7.500000000000007,Emergency_Center,7.5,True
9,111.0,YES,0.5499999999999994,72.85714285714289,65.00000000000003,84.64285714285715,11.785714285714269,Emergency_Center,11.785714285714263,True
10,115.0,YES,0.7499999999999996,64.2857142857143,58.33333333333335,80.35714285714288,16.07142857142857,Emergency_Center,16.07142857142857,True
11,119.0,YES,0.9499999999999996,56.07142857142858,53.333333333333336,76.07142857142858,20.0,Emergency_Center,20.000000000000007,True
12,123.0,YES,1.15,54.285714285714285,53.333333333333336,75.0,20.71428571428572,Emergency_Center,20.714285714285715,True
13,127.0,YES,1.35,54.285714285714285,53.333333333333336,75.0,20.71428571428572,Emergency_Center,20.714285714285715,True
14,131.0,YES,1.5500000000000005,54.285714285714285,53.333333333333336,75.0,20.71428571428572,Emergency_Center,20.714285714285715,True
15,135.0,YES,1.7500000000000004,54.285714285714285,53.333333333333336,75.0,20.71428571428572,Emergency_Center,20.714285714285715,True
16,139.0,YES,1.9500000000000008,54.285714285714285,53.333333333333336,75.0,20.71428571428572,Emergency_Center,20.714285714285715,True
17,143.00000000000003,YES,2.150000000000001,54.285714285714285,53.333333333333336,75.0,20.71428571428572,Emergency_Center,20.714285714285715,True
18,147.0,YES,2.35,54.285714285714285,53.333333333333336,75.0,20.71428571428572,Emergency_Center,20.714285714285715,True
19,151.0,YES,2.55,54.285714285714285,53.333333333333336,75.0,20.71428571428572,Emergency_Center,20.714285714285715,True
20,155.0,YES,2.75,54.285714285714285,53.333333333333336,75.0,20.71428571428572,Emergency_Center,20.714285714285715,True
